feature,importance
survival_weeks,0.7948156117937146
fan_vote_percent,0.12547411290200577
judge_avg_score,0.04526186931528125
age,0.03444840598899836
